1eyn,1ow4,active
2ans,1eyn,active
2ans,1ow4,active
3fty,1w7h,active
1vyg,1diy,active
3bra,4n7c,active
3cf9,4hkk,active
2qre,1m9n,active
3hig,2gby,active
2rh1,2q6h,active
2wyd,2ovd,active
4nyq,4ia6,active
2g0l,4hki,active
2ph9,1dx6,active
1mv9,1fdq,active
2wd9,3p6h,active
1e6q,1nok,active
2b50,4bvm,active
2x8z,4dpr,active
4hcy,4mhw,inactive
2vyv,3ew5,inactive
4kcx,4kd1,inactive
1xql,1pb9,inactive
2yyj,2yaj,inactive
1ve7,2i6p,inactive
2hkk,3pah,inactive
1b66,1sep,inactive
2nsl,2gqs,inactive
3ln1,1oq5,inactive
3dds,2a3b,inactive
3ebp,3blr,inactive
1pa9,1e2s,inactive
1mxh,1lcb,inactive
1mxh,1rf7,inactive
1rf7,1lcb,inactive
3ed0,3bqc,inactive
4cus,3kpu,inactive
1z9y,2xn5,inactive
2v6t,2fbz,inactive
2oyf,4hm0,inactive
4lzr,4o2b,inactive
3hlg,1t02,inactive
3hbg,3etr,inactive
3hbf,2o63,inactive
1eyq,2uxu,inactive
3wl8,2wg9,inactive
3eau,2q1v,inactive
1tx0,1br6,inactive
3b00,3p73,inactive
2o73,2fxl,inactive
2otf,2nuv,inactive
3tvl,4odj,inactive
3gcl,1oxr,inactive
2uy4,3hs4,inactive
2qvd,3d6y,inactive
1qhy,4cla,inactive
3t4k,4jhi,inactive
1s2c,2pix,inactive
2p1q,2oyf,inactive
2p1q,4hm0,inactive
1s4m,1he5,inactive
2fu7,2lig,inactive
